task_id,task_readable_name,tier,track,species,split_id,split_fold,model_id,model_readable_name,model_family,mode,calibration_method,intervention_id,seeds,auroc,auprc,accuracy,balanced_accuracy,mcc,f1,ece,brier,train_count,val_count,test_count,positive_count,negative_count,mean_abs_delta,flip_rate,positive_prob_drop,calibration_shift,sequence_length_summary,rc_mean_abs_delta,rc_flip_rate,rc_positive_prob_drop,rc_calibration_shift,mono_mean_abs_delta,mono_flip_rate,mono_positive_prob_drop,mono_calibration_shift,dinuc_mean_abs_delta,dinuc_flip_rate,dinuc_positive_prob_drop,dinuc_calibration_shift,motif_mean_abs_delta,motif_flip_rate,motif_positive_prob_drop,motif_calibration_shift,gc_only_auroc,gc_only_explainability_ratio,mono_retention,dinuc_retention,shortcut_score
human_enhancers_cohn,Enhancers (Cohn),core,short_context,human,official,none,caduceus_ph,Caduceus-Ph,foundation_model,frozen,none,standard,1,0.7727349710937637,0.7660089018939559,0.6922855497985032,0.6922855497985032,0.3856526901106323,0.680322966507177,0.0342800785565275,0.1945990957555004,10000.0,2000.0,6948.0,3474.0,3474.0,,,,,500,0.0298684137850311,0.0533966609096142,-0.0007448365795929,-0.0047516505931889,0.1172241216754355,0.202216465169833,-0.1025229935421168,0.0862308207857427,0.0502382862352451,0.0932642487046632,-0.0205491437594516,0.0083241803034612,0.0025595110506287,0.0064766839378238,-0.0006529929125713,-0.0001902671620616,0.7339186999468708,0.949767678959902,0.1025229935421168,0.0205491437594516,0.6052631578947368
human_enhancers_cohn,Enhancers (Cohn),core,short_context,human,official,none,dnabert2,DNABERT-2,foundation_model,frozen,none,standard,2,0.829724,0.8212542019876681,0.736,0.752,0.5040493992618101,0.7502517623363545,0.0248308120776902,0.1684215524305007,2000.0,800.0,1000.0,500.0,500.0,,,,,500,0.0591436634907785,0.097,-0.003537693072833,0.0132064982909392,0.1908418012604889,0.341,-0.048888688524904,0.1085232303233046,0.1434052035970671,0.227,0.0233092158668266,0.0129624726783854,0.0076215427514516,0.012,-0.000519391118564,0.0024214942664918,0.7339186999468708,0.8845335315681729,0.048888688524904,-0.0233092158668266,0.543859649122807
human_enhancers_cohn,Enhancers (Cohn),core,short_context,human,official,none,kmer_logistic_regression,6-mer logistic regression,classical,frozen,none,standard,2,0.700194,0.7225657690232126,0.6525,0.6593264248704663,0.3186576156431533,0.6602554901679345,0.2857826502558501,0.3092504288842322,6000.0,2000.0,2000.0,1000.0,1000.0,,,,,500,0.3707913085785532,0.378,0.0172717217792954,0.0105582427753119,0.4242434977687761,0.4345,-0.0796955816894356,0.082524954120737,0.4051801925094063,0.419,0.13848789357906,0.0711104638266946,0.0326902502943085,0.0375647668393782,0.0093316905693945,0.0052751492130012,0.7339186999468708,1.0481647942525512,0.0796955816894356,-0.13848789357906,0.7192982456140351
human_enhancers_cohn,Enhancers (Cohn),core,short_context,human,official,none,small_cnn,CNN,cnn,full,none,standard,6,0.7535540000000001,0.7491350900292709,0.654,0.6845135290731146,0.3713990453992267,0.6656497864551556,0.0793757087886333,0.2086222937918012,6000.0,2000.0,2000.0,1000.0,1000.0,,,,,500,0.0188364125788211,0.036,0.0013142824172973,-0.0012302174866199,0.059227667748928,0.1215,0.0077331066131591,-0.0043589839041233,0.0571020133793354,0.12,0.0144553780555725,-0.0129581188857555,0.0033524651080369,0.0071963154864709,-0.0017178654670715,0.0023626550714655,0.7339186999468708,0.973943075011042,-0.0077331066131591,-0.0144553780555725,0.3245614035087719
human_enhancers_cohn,Enhancers (Cohn),core,short_context,human,official,none,small_cnn_rc_aug,RC-aug CNN,cnn,full,none,standard,6,0.7645774999999999,0.7558621804422925,0.6745,0.68566493955095,0.3726485749715121,0.671875,0.0708906665369868,0.2026313437309672,6000.0,2000.0,2000.0,1000.0,1000.0,,,,,500,0.0141832903027534,0.031,0.0001065731048583,0.0005418918952346,0.0659988671541214,0.124,0.0030723810195922,0.0056424895748496,0.0613313354551792,0.1165,0.0171687602996826,-0.0103029819764196,0.0032925647683441,0.0092112838226827,-0.0017876029014587,-0.0013787073657457,0.7339186999468708,0.9599009910007432,-0.0030723810195922,-0.0171687602996826,0.3157894736842105
human_enhancers_ensembl,Enhancers (Ensembl),core,short_context,human,official,none,caduceus_ph,Caduceus-Ph,foundation_model,frozen,none,standard,1,0.717767235241454,0.6861174493278257,0.6590248627704229,0.6590248627704229,0.3187096760820834,0.6476946687128845,0.0432965822595281,0.2168543161810468,10000.0,2000.0,30970.0,15485.0,15485.0,,,,,2-573,0.0461359751301055,0.1382951243138521,0.0001871188063019,0.0006074981989275,0.0650870816145168,0.1776557959315466,-0.0316648146657818,0.0020038531441855,0.0461606575119863,0.1380690991281885,-0.0094850690250444,-0.0083153443932386,0.001881747211874,0.0046819502744591,-0.0001629320231043,-0.000323152167085,0.6621940822250412,0.9225749654096174,0.0316648146657818,0.0094850690250444,0.7179487179487181
human_enhancers_ensembl,Enhancers (Ensembl),core,short_context,human,official,none,dnabert2,DNABERT-2,foundation_model,frozen,none,standard,1,0.775216,0.7477479533499024,0.699,0.699,0.3980963509768156,0.6956521739130435,0.0271078423685805,0.1936904636088807,2000.0,400.0,1000.0,500.0,500.0,,,,,8-569,0.0962735484349267,0.146,0.0008291195375121,-0.0026150092492807,0.1640166986454155,0.315,0.0428744396754445,0.0229165626320681,0.154091893020729,0.299,0.0094690798395876,0.0218054481962486,0.006790875225561,0.009,-0.003458342495036,0.0003245848568308,0.6621940822250412,0.8542059016132809,-0.0428744396754445,-0.0094690798395876,0.6794871794871796
human_enhancers_ensembl,Enhancers (Ensembl),core,short_context,human,official,none,kmer_logistic_regression,6-mer logistic regression,classical,frozen,none,standard,2,0.735919,0.7716277722866802,0.6725,0.7139812721989022,0.4279741423336616,0.7150302406382705,0.2457055763718007,0.2734987871521236,6000.0,2000.0,2000.0,1000.0,1000.0,,,,,9-488,0.3435115053220235,0.3565,-0.0267104752773601,-0.0060712480118731,0.4271199750843948,0.448,0.2028774627488171,0.1316629615645519,0.434075068381236,0.45,0.2160423827040129,0.1118535295943451,0.0183017501119826,0.0195350339037778,0.0054883263195769,0.001482121664933,0.6621940822250412,0.899819249435116,-0.2028774627488171,-0.2160423827040129,0.6666666666666666
human_enhancers_ensembl,Enhancers (Ensembl),core,short_context,human,official,none,small_cnn,CNN,cnn,full,none,standard,6,0.838548,0.8799774246317112,0.7495,0.7934775589279948,0.5899642713727646,0.7825081610446137,0.0795540403276681,0.1719178157550824,6000.0,2000.0,2000.0,1000.0,1000.0,,,,,9-488,0.0891550555825233,0.1325,0.0014162063598632,0.0099939513057471,0.1650836169719696,0.3095,0.1784351468086242,-0.0111335453838109,0.1045274287462234,0.198,0.0648070573806762,-0.0415476201958953,0.002362482715398,0.0029706167258637,-0.0010881423950195,-0.0010910517671125,0.6621940822250412,0.7896913262270511,-0.1784351468086242,-0.0648070573806762,0.4743589743589744
human_enhancers_ensembl,Enhancers (Ensembl),core,short_context,human,official,none,small_cnn_rc_aug,RC-aug CNN,cnn,full,none,standard,6,0.8839299999999999,0.8870534128229995,0.8055,0.8045527930255085,0.6105622228898323,0.7975652988194375,0.0399395995624363,0.1393566969178189,6000.0,2000.0,2000.0,1000.0,1000.0,,,,,9-488,0.0688883513212204,0.07,0.002810001373291,-0.0020066749379039,0.2593203783035278,0.4035,0.3199376463890075,0.1054037188924849,0.1523363590240478,0.2025,0.1265183091163635,-0.0045207061972468,0.0026361746713519,0.003035195350339,-0.0006323456764221,-0.0006901224038852,0.6621940822250412,0.7491476499553599,-0.3199376463890075,-0.1265183091163635,0.3846153846153846
human_nontata_promoters,Promoters,core,short_context,human,official,none,caduceus_ph,Caduceus-Ph,foundation_model,frozen,none,standard,1,0.8528062767459534,0.8894385357793013,0.7762895727252601,0.7819408951940205,0.5634314036164151,0.7773493444970805,0.0244592582419492,0.1538127081494769,10000.0,2000.0,9034.0,4915.0,4119.0,,,,,251,0.0404262294153215,0.035421740092982,0.0126528659459033,0.0072154057040811,0.1171383122870392,0.20234669028116,-0.0604816577373737,0.0711167275968698,0.0293918955585,0.0205888864290458,0.0015758352155724,0.0036286598460117,0.0033292762694073,0.003320788133717,0.0025255519835335,0.0014527386087238,0.7959149681512145,0.9332892942441527,0.0604816577373737,-0.0015758352155724,0.5614035087719298
human_nontata_promoters,Promoters,core,short_context,human,official,none,dnabert2,DNABERT-2,foundation_model,frozen,none,standard,2,0.887888,0.9332961175799712,0.828,0.8545,0.713408575128601,0.8459502382212811,0.0420015626662993,0.1279405383264637,2000.0,800.0,1000.0,500.0,500.0,,,,,251,0.0777349317929724,0.073,0.0131583581019262,-0.0189866093985185,0.2518976687499663,0.41,-0.0538831078698363,0.1646617959442884,0.1001148418764695,0.099,0.0038541693706631,0.0262113113554254,0.0048636905075706,0.003,0.0021657353340371,0.0008299170457187,0.7959149681512145,0.8964137009974394,0.0538831078698363,-0.0038541693706631,0.6403508771929824
human_nontata_promoters,Promoters,core,short_context,human,official,none,kmer_logistic_regression,6-mer logistic regression,classical,frozen,none,standard,2,0.8984909999999999,0.9434076450604664,0.8375,0.8590367887987509,0.7152964864938827,0.8630310716550412,0.1102176388215763,0.133432542662848,6000.0,2000.0,2000.0,1000.0,1000.0,,,,,251,0.2634432589752333,0.268,0.0168218440450704,0.1048867659226201,0.3907444044811676,0.405,-0.0026594560109637,0.2183623565619146,0.316267987338407,0.3215,0.0575635769009338,0.1262496242343664,0.013001464725365,0.0121762231569625,0.0082361993033196,0.0026135597416585,0.7959149681512145,0.8858352149895933,0.0026594560109637,-0.0575635769009338,0.6052631578947368
human_nontata_promoters,Promoters,core,short_context,human,official,none,small_cnn,CNN,cnn,full,none,standard,6,0.842903,0.9239397103402608,0.7945,0.8239956907633705,0.6472216905599998,0.8195604395604396,0.0228868810981512,0.1519707324290783,6000.0,2000.0,2000.0,1000.0,1000.0,,,,,251,0.0435033664107322,0.0625,0.0076655149459838,-0.008566006243229,0.109779454767704,0.1575,-0.0022913217544555,0.0415386336222291,0.0573856495320797,0.071,0.0464639663696289,0.0004174573868513,0.0043716924265027,0.0039849457604604,0.003511905670166,0.0002461549076908,0.7959149681512145,0.9442545205690508,0.0022913217544555,-0.0464639663696289,0.4122807017543859
human_nontata_promoters,Promoters,core,short_context,human,official,none,small_cnn_rc_aug,RC-aug CNN,cnn,full,none,standard,6,0.8636599999999999,0.9345881615397388,0.8015,0.8410197439995337,0.6877431242415014,0.8256586483390607,0.0440954817906022,0.1440133262069258,6000.0,2000.0,2000.0,1000.0,1000.0,,,,,251,0.0165502354502677,0.0195,-0.0008527636528015,-0.0006018233448267,0.1702148020267486,0.274,-0.0348603129386901,0.1297359126955269,0.0657117143273353,0.074,0.0378893613815307,-0.0132784271091223,0.0055290842428803,0.004870489262785,0.0048051476478576,0.0029541018072788,0.7959149681512145,0.9215605309395072,0.0348603129386901,-0.0378893613815307,0.4385964912280701
human_ocr_ensembl,Open chromatin,core,short_context,human,official,none,caduceus_ph,Caduceus-Ph,foundation_model,frozen,none,standard,1,0.6234587665359695,0.5797241996138679,0.5960460059510185,0.5960460059510185,0.1920997640281889,0.5978524025178729,0.0565579938032962,0.2420725643710453,10000.0,2000.0,34952.0,17476.0,17476.0,,,,,84-593,0.0228954475639314,0.1597333485923552,-0.0002476891883876,0.0025669913764615,0.031401045562703,0.2255092698558022,-0.0170032457138196,-0.0251116465258941,0.029434931237558,0.2251945525291828,-0.0179371611528099,-0.0232979124859566,0.0006649435790881,0.0042915999084458,-0.0002580427738245,-8.232496531110356e-05,0.5666297080033011,0.9088487297268764,0.0170032457138196,0.0179371611528099,0.6851851851851852
human_ocr_ensembl,Open chromatin,core,short_context,human,official,none,dnabert2,DNABERT-2,foundation_model,frozen,none,standard,1,0.682172,0.6596951240560474,0.637,0.637,0.274000548001644,0.6366366366366366,0.0215315742956969,0.225036363403999,2000.0,400.0,1000.0,500.0,500.0,,,,,125-589,0.0896396177690308,0.222,-0.0036173183536478,0.0007917597213645,0.1533176658544723,0.453,0.0863265325473023,0.0597013555028579,0.1292185728758282,0.364,-0.033496682882641,0.0386560830039723,0.0065218798132861,0.013,-0.0006714718778283,0.000643363805059,0.5666297080033011,0.8306258656223081,-0.0863265325473023,0.033496682882641,0.6851851851851851
human_ocr_ensembl,Open chromatin,core,short_context,human,official,none,kmer_logistic_regression,6-mer logistic regression,classical,frozen,none,standard,1,0.650458,,0.619,,,,0.2963202469797955,0.3305716614378323,6000.0,,2000.0,1000.0,1000.0,,,,,112-591,0.3800095436071972,0.3935,-0.0054219690911898,0.0084061330305751,0.4640316398874735,0.489,0.22693885716273,0.1374832234830839,0.4561578610780579,0.4815,0.0620904300322382,0.0838301998218954,,,,,0.5666297080033011,0.8711242047961608,-0.22693885716273,-0.0620904300322382,0.5925925925925927
human_ocr_ensembl,Open chromatin,core,short_context,human,official,none,small_cnn,CNN,cnn,full,none,standard,5,0.640304,,0.5695,,,,0.0630083151757717,0.242803743933832,6000.0,,2000.0,1000.0,1000.0,,,,,112-591,0.0132225817069411,0.057,-0.0003966093063354,0.0051651076078414,0.0351672880351543,0.1485,0.0030643939971923,0.0079237728416919,0.0335942581295967,0.1475,-0.0104559659957885,0.0173433921635151,,,,,0.5666297080033011,0.8849385729330149,-0.0030643939971923,0.0104559659957885,0.5925925925925926
human_ocr_ensembl,Open chromatin,core,short_context,human,official,none,small_cnn_rc_aug,RC-aug CNN,cnn,full,none,standard,5,0.7036005000000001,,0.6385,,,,0.051936047360301,0.2220495119774068,6000.0,,2000.0,1000.0,1000.0,,,,,112-591,0.0560485534369945,0.156,0.0008825659751892,-0.0064879381805659,0.0998835414648056,0.316,0.0610595345497131,-0.032940738722682,0.0893168300390243,0.2715,0.0084955692291259,0.0039646809548139,,,,,0.5666297080033011,0.8053287455072887,-0.0610595345497131,-0.0084955692291259,0.3703703703703704
